	r_squared	pval1	pval2
count	34.0	34.00000	34.00000
mean	0.5011393645113082	0.36006	0.00150
std	0.18683210435882347	0.31351	0.00493
min	0.1452927397707725	0.00000	0.00000
25%	0.35929483152562947	0.06877	0.00000
50%	0.4809661678727685	0.34314	0.00000
75%	0.6738835718530614	0.64643	0.00001
max	0.7996219439406979	0.93350	0.02181
